{
    "name": "root",
    "gauges": {
        "CarAgent.Policy.Entropy.mean": {
            "value": 1.3608005046844482,
            "min": 1.360797643661499,
            "max": 1.3836669921875,
            "count": 400
        },
        "CarAgent.Environment.EpisodeLength.mean": {
            "value": 599.0,
            "min": 123.28571428571429,
            "max": 599.0,
            "count": 400
        },
        "CarAgent.Policy.ExtrinsicValueEstimate.mean": {
            "value": 8.740890502929688,
            "min": 6.231113910675049,
            "max": 8.851143836975098,
            "count": 400
        },
        "CarAgent.Environment.CumulativeReward.mean": {
            "value": 61.90000569820404,
            "min": 12.394445449113846,
            "max": 63.87500637769699,
            "count": 400
        },
        "CarAgent.Policy.ExtrinsicReward.mean": {
            "value": 61.90000569820404,
            "min": 12.394445449113846,
            "max": 63.87500637769699,
            "count": 400
        },
        "CarAgent.IsTraining.mean": {
            "value": 1.0,
            "min": 1.0,
            "max": 1.0,
            "count": 400
        },
        "CarAgent.Losses.PolicyLoss.mean": {
            "value": 0.021878910964975753,
            "min": 0.016421766206622123,
            "max": 0.032666618245032926,
            "count": 97
        },
        "CarAgent.Losses.ValueLoss.mean": {
            "value": 1.0537370721499124,
            "min": 0.7875961661338806,
            "max": 1.1259424189726512,
            "count": 97
        },
        "CarAgent.Policy.LearningRate.mean": {
            "value": 8.114997295333401e-07,
            "min": 8.114997295333401e-07,
            "max": 0.0001979344340218666,
            "count": 97
        },
        "CarAgent.Policy.Epsilon.mean": {
            "value": 0.10027046666666668,
            "min": 0.10027046666666668,
            "max": 0.1659781333333334,
            "count": 97
        },
        "CarAgent.Policy.Beta.mean": {
            "value": 1.1325286666666675e-05,
            "min": 1.1325286666666675e-05,
            "max": 0.00033329285333333336,
            "count": 97
        }
    },
    "metadata": {
        "timer_format_version": "0.1.0",
        "start_time_seconds": "1613994385",
        "python_version": "3.7.9 (default, Aug 31 2020, 17:10:11) [MSC v.1916 64 bit (AMD64)]",
        "command_line_arguments": "C:\\Users\\WJ\\Anaconda3\\envs\\agentsmarts\\Scripts\\mlagents-learn config/agentSmarts.yaml --env=build/default/ArcadeCarPhysics --run-id=slowspeed_continue --resume --width=1280 --height=720",
        "mlagents_version": "0.23.0",
        "mlagents_envs_version": "0.23.0",
        "communication_protocol_version": "1.3.0",
        "pytorch_version": "1.7.1",
        "numpy_version": "1.18.3",
        "end_time_seconds": "1614005129"
    },
    "total": 10744.5544426,
    "count": 1,
    "self": 1.0049964999998338,
    "children": {
        "run_training.setup": {
            "total": 0.011523999999999868,
            "count": 1,
            "self": 0.011523999999999868
        },
        "TrainerController.start_learning": {
            "total": 10743.5379221,
            "count": 1,
            "self": 50.115697200180875,
            "children": {
                "TrainerController._reset_env": {
                    "total": 7.014368099999999,
                    "count": 1,
                    "self": 7.014368099999999
                },
                "TrainerController.advance": {
                    "total": 10686.275672299818,
                    "count": 1002191,
                    "self": 28.06685290043606,
                    "children": {
                        "env_step": {
                            "total": 10658.208819399382,
                            "count": 1002191,
                            "self": 8666.985177999253,
                            "children": {
                                "SubprocessEnvManager._take_step": {
                                    "total": 1962.1558309002144,
                                    "count": 1002191,
                                    "self": 111.20675069994559,
                                    "children": {
                                        "TorchPolicy.evaluate": {
                                            "total": 1850.9490802002688,
                                            "count": 999958,
                                            "self": 404.6523208002636,
                                            "children": {
                                                "TorchPolicy.sample_actions": {
                                                    "total": 1446.2967594000052,
                                                    "count": 999958,
                                                    "self": 1446.2967594000052
                                                }
                                            }
                                        }
                                    }
                                },
                                "workers": {
                                    "total": 29.067810499914394,
                                    "count": 1002191,
                                    "self": 0.0,
                                    "children": {
                                        "worker_root": {
                                            "total": 10681.84598500053,
                                            "count": 1002191,
                                            "is_parallel": true,
                                            "self": 3890.2886418006965,
                                            "children": {
                                                "steps_from_proto": {
                                                    "total": 0.00035469999999993007,
                                                    "count": 1,
                                                    "is_parallel": true,
                                                    "self": 0.00012089999999975731,
                                                    "children": {
                                                        "_process_vector_observation": {
                                                            "total": 0.00023380000000017276,
                                                            "count": 2,
                                                            "is_parallel": true,
                                                            "self": 0.00023380000000017276
                                                        }
                                                    }
                                                },
                                                "UnityEnvironment.step": {
                                                    "total": 6791.556988499833,
                                                    "count": 1002191,
                                                    "is_parallel": true,
                                                    "self": 167.50036119928882,
                                                    "children": {
                                                        "UnityEnvironment._generate_step_input": {
                                                            "total": 125.95511840037163,
                                                            "count": 1002191,
                                                            "is_parallel": true,
                                                            "self": 125.95511840037163
                                                        },
                                                        "communicator.exchange": {
                                                            "total": 6119.501669200104,
                                                            "count": 1002191,