{
    "name": "root",
    "gauges": {
        "CarAgent.Policy.Entropy.mean": {
            "value": 1.3836669921875,
            "min": 1.3836669921875,
            "max": 1.4195315837860107,
            "count": 200
        },
        "CarAgent.Environment.EpisodeLength.mean": {
            "value": 197.0,
            "min": 26.093023255813954,
            "max": 599.0,
            "count": 200
        },
        "CarAgent.Policy.ExtrinsicValueEstimate.mean": {
            "value": 6.793073654174805,
            "min": 0.6554540991783142,
            "max": 8.042267799377441,
            "count": 200
        },
        "CarAgent.Environment.CumulativeReward.mean": {
            "value": 19.83077099976631,
            "min": 2.5593024940164977,
            "max": 59.72500479221344,
            "count": 200
        },
        "CarAgent.Policy.ExtrinsicReward.mean": {
            "value": 19.83077099976631,
            "min": 2.5593024940164977,
            "max": 59.72500479221344,
            "count": 200
        },
        "CarAgent.IsTraining.mean": {
            "value": 1.0,
            "min": 1.0,
            "max": 1.0,
            "count": 200
        },
        "CarAgent.Losses.PolicyLoss.mean": {
            "value": 0.02286569095837573,
            "min": 0.015864645883751412,
            "max": 0.029255486372858287,
            "count": 48
        },
        "CarAgent.Losses.ValueLoss.mean": {
            "value": 0.9579191863536834,
            "min": 0.13870202029744785,
            "max": 1.031244436899821,
            "count": 48
        },
        "CarAgent.Policy.LearningRate.mean": {
            "value": 4.129898623399986e-06,
            "min": 4.129898623399986e-06,
            "max": 0.00029383920205360004,
            "count": 48
        },
        "CarAgent.Policy.Epsilon.mean": {
            "value": 0.10137660000000001,
            "min": 0.10137660000000001,
            "max": 0.19794640000000008,
            "count": 48
        },
        "CarAgent.Policy.Beta.mean": {
            "value": 1.6745339999999973e-05,
            "min": 1.6745339999999973e-05,
            "max": 0.0004899373599999998,
            "count": 48
        }
    },
    "metadata": {
        "timer_format_version": "0.1.0",
        "start_time_seconds": "1613985379",
        "python_version": "3.7.9 (default, Aug 31 2020, 17:10:11) [MSC v.1916 64 bit (AMD64)]",
        "command_line_arguments": "C:\\Users\\WJ\\Anaconda3\\envs\\agentsmarts\\Scripts\\mlagents-learn config/agentSmarts.yaml --env=build/default/ArcadeCarPhysics --run-id=test15 --force --width=1280 --height=720",
        "mlagents_version": "0.23.0",
        "mlagents_envs_version": "0.23.0",
        "communication_protocol_version": "1.3.0",
        "pytorch_version": "1.7.1",
        "numpy_version": "1.18.3",
        "end_time_seconds": "1613990899"
    },
    "total": 5519.7866408,
    "count": 1,
    "self": 1.35841580000033,
    "children": {
        "run_training.setup": {
            "total": 0.011132900000000001,
            "count": 1,
            "self": 0.011132900000000001
        },
        "TrainerController.start_learning": {
            "total": 5518.4170920999995,
            "count": 1,
            "self": 26.157961299744784,
            "children": {
                "TrainerController._reset_env": {
                    "total": 7.6551069,
                    "count": 1,
                    "self": 7.6551069
                },
                "TrainerController.advance": {
                    "total": 5484.449243800255,
                    "count": 504048,
                    "self": 14.557820900060506,
                    "children": {
                        "env_step": {
                            "total": 5469.891422900195,
                            "count": 504048,
                            "self": 4436.300632900147,
                            "children": {
                                "SubprocessEnvManager._take_step": {
                                    "total": 1018.297110600004,
                                    "count": 504048,
                                    "self": 57.80096809990482,
                                    "children": {
                                        "TorchPolicy.evaluate": {
                                            "total": 960.4961425000992,
                                            "count": 500071,
                                            "self": 210.51121180006282,
                                            "children": {
                                                "TorchPolicy.sample_actions": {
                                                    "total": 749.9849307000363,
                                                    "count": 500071,
                                                    "self": 749.9849307000363
                                                }
                                            }
                                        }
                                    }
                                },
                                "workers": {
                                    "total": 15.29367940004334,
                                    "count": 504048,
                                    "self": 0.0,
                                    "children": {
                                        "worker_root": {
                                            "total": 5481.699195899909,
                                            "count": 504048,
                                            "is_parallel": true,
                                            "self": 2016.0685315001929,
                                            "children": {
                                                "steps_from_proto": {
                                                    "total": 0.00030090000000004835,
                                                    "count": 1,
                                                    "is_parallel": true,
                                                    "self": 0.0001223999999995229,
                                                    "children": {
                                                        "_process_vector_observation": {
                                                            "total": 0.00017850000000052546,
                                                            "count": 2,
                                                            "is_parallel": true,
                                                            "self": 0.00017850000000052546
                                                        }
                                                    }
                                                },
                                                "UnityEnvironment.step": {
                                                    "total": 3465.6303634997157,
                                                    "count": 504048,
                                                    "is_parallel": true,
                                                    "self": 87.80573090000098,
                                                    "children": {
                                                        "UnityEnvironment._generate_step_input": {
                                                            "total": 67.09730139990661,
                                                            "count": 504048,
                                                            "is_parallel": true,
                                                            "self": 67.09730139990661
                                                        },
                                                        "communicator.exchange": {
                                                            "total": 3115.2995299000727,
                                                            "count": 504048,