{"count":1,"self":2480.7397376,"total":8178.0494020999995,"children":{"InitializeActuators":{"count":5,"self":0.0019996,"total":0.0019996,"children":null},"InitializeSensors":{"count":5,"self":0.0029657999999999998,"total":0.0029657999999999998,"children":null},"AgentSendState":{"count":870017,"self":112.3046912,"total":639.1739653,"children":{"CollectObservations":{"count":4350085,"self":27.309820799999997,"total":27.3098207,"children":null},"WriteActionMask":{"count":4350085,"self":29.6429536,"total":29.642953,"children":null},"RequestDecision":{"count":4350085,"self":116.2871936,"total":469.91650389999995,"children":{"AgentInfo.ToProto":{"count":4350085,"self":71.011692799999992,"total":353.6293067,"children":{"GenerateSensorData":{"count":4350085,"self":99.6262464,"total":282.61761659999996,"children":{"RayPerceptionSensor.Perceive":{"count":4350085,"self":182.9913728,"total":182.9913681,"children":null}}}}}}}}},"DecideAction":{"count":870017,"self":5023.4134527999995,"total":5023.4135408,"children":null},"AgentAct":{"count":870017,"self":34.677158399999996,"total":34.7043941,"children":{"AgentInfo.ToProto":{"count":224,"self":0.0039959999999999996,"total":0.027236999999999997,"children":{"GenerateSensorData":{"count":224,"self":0.0082344999999999988,"total":0.023240999999999998,"children":{"RayPerceptionSensor.Perceive":{"count":224,"self":0.015006499999999999,"total":0.015006499999999999,"children":null}}}}}}},"AgentInfo.ToProto":{"count":131,"self":0.0027347,"total":0.0117512,"children":{"GenerateSensorData":{"count":131,"self":0.001001,"total":0.0090165,"children":{"RayPerceptionSensor.Perceive":{"count":131,"self":0.0080155,"total":0.0080155,"children":null}}}}}},"gauges":{"CarAgent.CumulativeReward":{"count":355,"max":2,"min":-508.0218,"runningAverage":-11.0864563,"value":0,"weightedAverage":-2.3923614}},"metadata":{"timer_format_version":"0.1.0","start_time_seconds":"1616449617","unity_version":"2019.4.18f1","command_line_arguments":"C:\\Program Files\\Unity\\Hub\\Editor\\2019.4.18f1\\Editor\\Unity.exe -projectpath C:\/Users\/guoyu\/GithubProjects\/AgentSmarts -useHub -hubIPC -cloudEnvironment production -hubSessionId df2669e0-8a9c-11eb-952f-39044b47faaa -accessToken KjScEByLD9cWg1BM-4mCgRKexZHvE3sUhaWK9GKNe4Q005f","communication_protocol_version":"1.3.0","com.unity.ml-agents_version":"1.7.2-preview","scene_name":"Sandbox","end_time_seconds":"1616457795"}}