{
    "CarAgent": {
        "checkpoints": [
            {
                "steps": 499998,
                "file_path": "results\\fourCar\\CarAgent\\CarAgent-499998.onnx",
                "reward": 15.923076923076923,
                "creation_time": 1619461603.4087226
            },
            {
                "steps": 999997,
                "file_path": "results\\fourCar\\CarAgent\\CarAgent-999997.onnx",
                "reward": 27.0,
                "creation_time": 1619462860.6953604
            },
            {
                "steps": 1499963,
                "file_path": "results\\fourCar\\CarAgent\\CarAgent-1499963.onnx",
                "reward": 63.857142857142854,
                "creation_time": 1619464143.119272
            },
            {
                "steps": 1500027,
                "file_path": "results\\fourCar\\CarAgent\\CarAgent-1500027.onnx",
                "reward": 63.857142857142854,
                "creation_time": 1619464143.2522707
            }
        ],
        "final_checkpoint": {
            "steps": 1500027,
            "file_path": "results\\fourCar\\CarAgent.onnx",
            "reward": 63.857142857142854,
            "creation_time": 1619464143.2522707
        }
    },
    "metadata": {
        "stats_format_version": "0.2.0",
        "mlagents_version": "0.23.0",
        "torch_version": "1.7.0+cu110",
        "tensorflow_version": -1
    }
}